{
  "mase": 2.79651764895223,
  "wql": 1.2419606668360545,
  "coverage_80": 0.9166666666666666,
  "mape": 14.195386929291354,
  "method": "auto_arima",
  "runtime_s": 82.8
}