{
  "mase": 0.8632950997201604,
  "wql": 0.4292986515598819,
  "coverage_80": 0.6666666666666666,
  "mape": 1.6691890371164546,
  "method": "chatgpt_web",
  "runtime_s": null
}