{
  "mase": 1.4180027011326173,
  "wql": 0.688864748544961,
  "coverage_80": 0.5773809523809523,
  "mape": 3.0956744108057874,
  "method": "chronos2_univariate",
  "runtime_s": 2.8
}