{
  "mase": 0.7985354380421442,
  "wql": 0.4098362261292947,
  "coverage_80": 0.7261904761904762,
  "mape": 1.900205262122348,
  "method": "chronos2_covariates",
  "runtime_s": 3.3
}