{
  "mase": 1.0650506035390315,
  "wql": 0.5729232160429798,
  "coverage_80": 0.7142857142857143,
  "mape": 1.4201576165219945,
  "method": "claude_opus47_desktop",
  "runtime_s": null
}