{
  "mase": 0.7620815675181465,
  "wql": 0.5049549235326546,
  "coverage_80": 0.4226190476190476,
  "mape": 1.244195750159847,
  "method": "lightgbm",
  "runtime_s": 5.7
}