{
  "mase": 1.81903439522326,
  "wql": 1.0020140782026519,
  "coverage_80": 0.6369047619047619,
  "mape": 4.498704808269392,
  "method": "prophet_weather",
  "runtime_s": 1.5
}