{
  "mase": 1.9422705946690857,
  "wql": 1.0915357710292013,
  "coverage_80": 0.6309523809523809,
  "mape": 5.131759900899276,
  "method": "prophet",
  "runtime_s": 1.6
}