{
  "mase": 1.4203408528268642,
  "wql": 0.9522971992822294,
  "coverage_80": 0.7321428571428571,
  "mape": 3.359514273046672,
  "method": "seasonal_naive",
  "runtime_s": 0.0
}